{"customSingleTitle":"[%size%] Download Lagu %title% by %author%","customSearchTitle":"Search Lagu Gratis %title% Mp3","customStreamingTitle":"Streaming Lagu %title% Durasi (%duration%)","customAuthorTitle":"List Lagu By %author%","customDes":"Download Lagu %title% dengan ukuran %size% upload by %author%","customStreaming":"Streaming Lagu %title% dengan Durasi %duration% upload by %author%\t\t","customSearch":"Daftar Kumpulan Link %title% mp3 dan video Last Link update by %author%","customAuthor":"Kumpulan Lagu Upload by %author%","themes":"fasthink"}