{"sitetitle":"Website Musik 2017","sitetag":"Gudang Download Lagu Terbaru","www":"non www","https":"http","ytapi":null,"delimiter":"_","displayhome":"search","playlistid":"","searchterm":"new pallapa live","searchPermalink":"search","singlePermalink":"download","streamPermalink":"putar","authorPermalink":"administrator","extension":"\/","robotsearch":"index, follow","singlerobot":"index, follow","streamrobot":"noindex,follow","authorrobot":"noindex,follow","description":"Welcome to website download lagu terbaru 2017 http:\/\/jilagu.tk\/, Silahkan cari dan download lagu terbaru favoritmu di sini Gratis.","keywords":null,"fsearchpage":null,"fsinglepage":null,"fstreampage":null,"fauthorpage":null,"email":"diyasvra@gmail.com","authorName":"","histats":"3941002","latestDownload":"on","popular":null,"suggestSearch":"on","lyric":"on","maxrecent":"15","trends":"10","menu":"Top Indo, Top Hindi, Top K-Pop, New Pallapa"}